{
  "project_info": {
    "project_number": "483444376176",
    "project_id": "eagle-notifier",
    "storage_bucket": "eagle-notifier.firebasestorage.app"
  },
  "client": [
    {
      "client_info": {
        "mobilesdk_app_id": "1:483444376176:android:2ca0cffa7095e7d28beab5",
        "android_client_info": {
          "package_name": "com.tecosoft.eaglenotifier"
        }
      },
      "oauth_client": [],
      "api_key": [
        {
          "current_key": "AIzaSyDGQQk5Kn8Wb7_lhpe80Af80vKAfvVEtdQ"
        }
      ],
      "services": {
        "appinvite_service": {
          "other_platform_oauth_client": []
        }
      }
    }
  ],
  "configuration_version": "1"
}